accuracy,precision_score,recall_score,f1_score
0.7784179883557518,0.7947451436161381,0.9709185872569154,0.8740427960057061
