accuracy,precision_score,recall_score,f1_score
0.7501907247540655,0.8014515408664582,0.9099414315052864,0.8522577504422887
