accuracy,precision_score,recall_score,f1_score
0.791889178879743,0.7919587090554897,0.999822519712989,0.883833516372683
