accuracy,precision_score,recall_score,f1_score
0.789901626179482,0.7943160118636493,0.9913795289166096,0.8819741279168124
