accuracy,precision_score,recall_score,f1_score
0.7734792210399518,0.7958021682494327,0.9603458330164043,0.8703654767512667
