accuracy,precision_score,recall_score,f1_score
0.7884561333065649,0.7923967142799336,0.9930022058264243,0.8814295520271865
