accuracy,precision_score,recall_score,f1_score
0.7884762095964666,0.792412746585736,0.9930022058264243,0.8814394706636959
