accuracy,precision_score,recall_score,f1_score
0.7850230877333869,0.793140035503683,0.9855480337719632,0.8789372526851328
