accuracy,precision_score,recall_score,f1_score
0.7900020076289902,0.7922355551073913,0.9959940163788951,0.8825062341338485
